"","Coach","Team","Race","Net_PPA","Net_SR","Net_Stuff_Rate","Net_Pass_SR","Net_FPI","Tenure","total_sr","total_stuffs","total_pass_sr","total_ppa"
"1","Al Golden","Miami","White",-0.0137290608793541,-0.0527623227565894,0.0874862788487334,-0.0444053145161536,-2.10666666666667,5,-0.263811613782947,0.437431394243667,-0.222026572580768,-0.0686453043967705
"2","Al Golden","Temple","White",0.11008374219836,0.0876904737819268,-0.0151270316620566,0.0579154428776914,16.68,5,0.438452368909634,-0.0756351583102828,0.289577214388457,0.550418710991802
"3","Andy Avalos","Boise State","White",-0.0153176530761553,-0.0124380593137732,0.0313063995611937,-0.00431211911245305,-1.3,1,-0.0124380593137732,0.0313063995611937,-0.00431211911245305,-0.0153176530761553
"4","Art Briles","Baylor","White",0.214719060449882,0.105170214906219,-0.0995785308465759,0.0500828246426289,19.5666666666667,8,0.841361719249756,-0.796628246772607,0.400662597141031,1.71775248359906
"5","Art Briles","Houston","White",-0.046847752927897,-0.0016755573773849,0.0691009718645843,0.0292897376081014,4.4,2,-0.00335111475476979,0.138201943729169,0.0585794752162028,-0.093695505855794
"6","Barry Odom","Missouri","White",0.0734225241062499,0.0720422313592711,-0.04888837740504,0.10695052159859,-5.65833333333333,4,0.288168925437084,-0.19555350962016,0.427802086394361,0.293690096424999
"7","Bill Blankenship","Tulsa","White",-0.102170494503932,-0.0430258938450505,0.00827431210476617,-0.0484434793524487,-6.36666666666667,4,-0.172103575380202,0.0330972484190647,-0.193773917409795,-0.40868197801573
"8","Bill Clark","UAB","White",0.191785158259741,0.124714073774581,-0.0368793041010823,0.141226234588538,NA,6,0.748284442647485,-0.221275824606494,0.847357407531228,1.15071094955844
"9","Bill Cubit","Illinois","White",0.0722459890999855,0.0211484695713305,-0.0903207511821289,0.00997685660912628,7.76666666666667,1,0.0211484695713305,-0.0903207511821289,0.00997685660912628,0.0722459890999855
"10","Bill Cubit","Western Michigan","White",0.0665090375132709,0.0464077313380711,-0.0191981389721805,0.0373064128516177,NA,7,0.324854119366498,-0.134386972805263,0.261144889961324,0.465563262592896
"11","Bill Doba","Washington State","White",-0.064441980321126,-0.0329979592838233,0.0698947617960006,-0.0119210116628536,NA,1,-0.0329979592838233,0.0698947617960006,-0.0119210116628536,-0.064441980321126
"12","Bill Lynch","Indiana","White",0.000148697323062247,-0.0090188350143422,0.0311926718655619,0.0142366261950997,-0.6,4,-0.0360753400573688,0.124770687462248,0.0569465047803988,0.000594789292248987
"13","Bill O'Brien","Penn State","White",0.022796520811952,0.00749455454812831,-0.0296549723324306,-0.018544173877146,-3.05,2,0.0149891090962566,-0.0593099446648612,-0.037088347754292,0.0455930416239041
"14","Bill Stewart","West Virginia","White",-0.0577523807189145,-0.0117253816828222,0.0190852817845804,0.00972364977903695,-6.3,3,-0.0351761450484665,0.0572558453537413,0.0291709493371108,-0.173257142156743
"15","Billy Napier","Louisiana","White",0.165269405797325,0.0612672700321485,0.0359926059798289,0.128228145376168,14.975,4,0.245069080128594,0.143970423919315,0.512912581504671,0.661077623189301
"16","Blake Anderson","Arkansas State","White",-0.0209289856533836,-0.0215256565563187,0.0018768641785149,-0.0281808506745665,-2.74761904761905,7,-0.150679595894231,0.0131380492496043,-0.197265954721966,-0.146502899573685
"17","Blake Anderson","Utah State","White",0.0488072505865495,-0.00978921974486824,-0.0473804631816483,0.0246124105430258,2.13333333333333,1,-0.00978921974486824,-0.0473804631816483,0.0246124105430258,0.0488072505865495
"18","Bo Pelini","Nebraska","White",0.0810807098125199,0.0316540327461163,0.0657082764345404,0.0286095542760837,4.60952380952381,7,0.221578229222814,0.459957935041783,0.200266879932586,0.567564968687639
"19","Bob Davie","New Mexico","White",0.0443336528509991,0.0734665268575869,-0.0418705914894722,0.0224701835411082,9.6,8,0.587732214860695,-0.334964731915778,0.179761468328866,0.354669222807993
"20","Bob Diaco","Connecticut","White",-0.0881743931812179,-0.0576271172083065,0.0801554618612634,-0.062579944092866,NA,3,-0.172881351624919,0.24046638558379,-0.187739832278598,-0.264523179543654
"21","Bob Toledo","Tulane","White",-0.0737281757007596,-0.0312540115114708,0.0350889659519177,-0.0187679163734064,-5.02,5,-0.156270057557354,0.175444829759588,-0.0938395818670318,-0.368640878503798
"22","Bobby Hauck","UNLV","White",-0.0613473144229893,-0.00737143530941814,-0.0525784784654299,-0.0497653276402844,-6.04666666666667,5,-0.0368571765470907,-0.26289239232715,-0.248826638201422,-0.306736572114946
"23","Bobby Petrino","Arkansas","White",0.0730744949600037,-0.00958683465543236,0.0567402870007568,0.030707767098386,2.34166666666667,4,-0.0383473386217295,0.226961148003027,0.122831068393544,0.292297979840015
"24","Bobby Petrino","Western Kentucky","White",0.0708576081362205,0.0883858818814954,0.0377907661472631,0.12826695915498,NA,1,0.0883858818814954,0.0377907661472631,0.12826695915498,0.0708576081362205
"25","Bobby Wilder","Old Dominion","White",-0.138171043696304,-0.100823436758125,0.0656029603223107,-0.060353090758032,NA,6,-0.604940620548753,0.393617761933864,-0.362118544548192,-0.829026262177825
"26","Brady Hoke","Michigan","White",0.0431886892549707,-0.00190587586480245,0.0502303227808667,0.0326138777177774,10.9083333333333,4,-0.00762350345920981,0.200921291123467,0.13045551087111,0.172754757019883
"27","Brady Hoke","San Diego State","White",0.142250065739311,0.0989675552485379,-0.0881949333975862,0.0852078317276239,11.2205128205128,13,1.28657821823099,-1.14653413416862,1.10770181245911,1.84925085461104
"28","Brent Brennan","San Jos√© State","White",-0.0600043350373297,-0.0214359992727619,0.0476082087610908,-0.062206291766647,NA,5,-0.10717999636381,0.238041043805454,-0.311031458833235,-0.300021675186648
"29","Bret Bielema","Arkansas","White",-0.0433889241878463,-0.0420935513831499,0.000801132329853294,-0.0542213529304724,-5.24666666666667,5,-0.21046775691575,0.00400566164926647,-0.271106764652362,-0.216944620939231
"30","Bret Bielema","Illinois","White",0.0561115151646354,0.030249544336632,0.00490096756278455,0.0351332368972589,4.3,1,0.030249544336632,0.00490096756278455,0.0351332368972589,0.0561115151646354
"31","Bret Bielema","Wisconsin","White",0.13667037313471,0.0910655829401883,-0.128909930771692,0.0449996699770941,2.18571428571429,7,0.637459080581318,-0.902369515401841,0.314997689839659,0.956692611942972
"32","Brian Kelly","Central Michigan","White",-0.0355785588395412,-0.0691090523088616,0.097560806998499,-0.0512149672384291,NA,1,-0.0691090523088616,0.097560806998499,-0.0512149672384291,-0.0355785588395412
"33","Brian Kelly","Cincinnati","White",0.0485800330522638,0.0168684722503589,0.0130355425034803,0.010333337618398,13.2666666666667,3,0.0506054167510766,0.0391066275104408,0.031000012855194,0.145740099156791
"34","Brian Kelly","Notre Dame","White",0.133601122477568,0.0608481808059352,-0.0481981101668364,0.0501263386552956,13.1666666666667,12,0.730178169671223,-0.578377322002037,0.601516063863548,1.60321346973081
"35","Brian Polian","Nevada","White",-0.163895982079631,-0.134114183159578,0.0221636194540545,-0.157111054888594,-10.2583333333333,4,-0.53645673263831,0.088654477816218,-0.628444219554378,-0.655583928318522
"36","Bronco Mendenhall","BYU","White",-0.00313777469215415,0.0110728257741429,-0.0228853970104448,-0.0155262384291657,-2.34583333333333,8,0.0885826061931434,-0.183083176083559,-0.124209907433326,-0.0251021975372332
"37","Bronco Mendenhall","Virginia","White",0.0044820382179928,0.0290276771797247,0.0215198057894055,0.00854335753717456,NA,6,0.174166063078348,0.129118834736433,0.0512601452230473,0.0268922293079568
"38","Bryan Harsin","Arkansas State","White",-0.0756508039178887,-0.0358299371518286,0.030304577533661,-0.0296849709694457,-3.36666666666667,1,-0.0358299371518286,0.030304577533661,-0.0296849709694457,-0.0756508039178887
"39","Bryan Harsin","Auburn","White",0.0347856605073471,-0.0162335681044124,-0.0207693301996853,-0.0565114258529026,-6.96666666666667,1,-0.0162335681044124,-0.0207693301996853,-0.0565114258529026,0.0347856605073471
"40","Bryan Harsin","Boise State","White",0.0622964185096604,0.0108797552554479,-0.0315576744229675,-0.0336290514203628,-4.34761904761905,7,0.0761582867881355,-0.220903720960772,-0.23540335994254,0.436074929567623
"41","Butch Davis","Florida International","White",0.00775362361279738,-0.0163423092126013,-0.0196739497825256,0.000765946781007332,NA,5,-0.0817115460630063,-0.098369748912628,0.00382973390503666,0.0387681180639869
"42","Butch Davis","North Carolina","White",0.084084833366414,0.0566348165657022,-0.0874064772477132,0.0492588608893553,NA,4,0.226539266262809,-0.349625908990853,0.197035443557421,0.336339333465656
"43","Butch Jones","Arkansas State","White",-0.251806542619002,-0.0915454353798884,0.0366256449406307,-0.0781513155843762,-10,1,-0.0915454353798884,0.0366256449406307,-0.0781513155843762,-0.251806542619002
"44","Butch Jones","Central Michigan","White",-0.0106031405654138,0.0633080613474438,-0.0318398894115706,0.0443498541670768,NA,3,0.189924184042331,-0.0955196682347117,0.13304956250123,-0.0318094216962415
"45","Butch Jones","Cincinnati","White",-0.0408106415144202,-0.0156437501477326,-0.00868893334627885,-0.0617199432456212,-4.03333333333333,3,-0.0469312504431978,-0.0260668000388365,-0.185159829736864,-0.122431924543261
"46","Butch Jones","Tennessee","White",-0.0540663552576727,0.0109991074235977,-0.0151483965314063,0.017945643513623,2.80666666666667,5,0.0549955371179886,-0.0757419826570316,0.0897282175681149,-0.270331776288363
"47","Carl Pelini","Florida Atlantic","White",0.0859641484147711,0.0640862850883537,0.00274652743005782,0.0706092474358841,NA,2,0.128172570176707,0.00549305486011564,0.141218494871768,0.171928296829542
"48","Chad Lunsford","Georgia Southern","White",-0.014978891130935,-0.0126606226861113,-0.00428054604359329,-0.0336327674324252,NA,4,-0.0506424907444454,-0.0171221841743732,-0.134531069729701,-0.0599155645237398
"49","Chad Morris","Arkansas","White",-0.183944345233224,-0.0752647498226759,-0.00458747204812143,-0.116477091718245,-13.5333333333333,2,-0.150529499645352,-0.00917494409624287,-0.23295418343649,-0.367888690466448
"50","Chad Morris","SMU","White",0.0229852131543126,0.0115710456029907,-0.00469266437843496,0.0468233814900755,0.866666666666667,3,0.034713136808972,-0.0140779931353049,0.140470144470227,0.0689556394629377
"51","Charles Huff","Marshall","Black",0.00376779512892837,0.00499737213604901,0.0166993336556211,0.0464422403944145,1.43333333333333,1,0.00499737213604901,0.0166993336556211,0.0464422403944145,0.00376779512892837
"52","Charley Molnar","UMass","Other",-0.0927566316500516,-0.106114059483925,0.109281997651956,-0.134303088157797,NA,2,-0.21222811896785,0.218563995303912,-0.268606176315595,-0.185513263300103
"53","Charlie Partridge","Florida Atlantic","White",-0.0939541269380364,-0.0220230423396828,0.0480198501609412,-0.0211331576272156,NA,3,-0.0660691270190483,0.144059550482824,-0.0633994728816467,-0.281862380814109
"54","Charlie Strong","Louisville","Black",0.0740514191484224,0.019747265273295,0.0514798271037026,0.0963112360707236,7.20833333333333,4,0.0789890610931798,0.20591930841481,0.385244944282894,0.296205676593689
"55","Charlie Strong","South Florida","Black",-0.0203436258568419,0.0328465190504516,-0.0386367066669465,0.0407406211547665,NA,3,0.0985395571513547,-0.11591012000084,0.122221863464299,-0.0610308775705256
"56","Charlie Strong","Texas","Black",-0.00649663881793222,-0.0225105566875171,0.0743911833578144,-0.0232926587225643,-6.53333333333333,3,-0.0675316700625512,0.223173550073443,-0.0698779761676929,-0.0194899164537967
"57","Charlie Weis","Kansas","White",-0.06585446637114,-0.0238369171089075,0.0111631599828033,-0.0581622164652235,-3.06666666666667,3,-0.0715107513267224,0.03348947994841,-0.17448664939567,-0.19756339911342
"58","Charlie Weis","Notre Dame","White",0.052340220848323,0.082885093037938,-0.0760284427347198,0.0552848069921147,5.03333333333333,1,0.082885093037938,-0.0760284427347198,0.0552848069921147,0.052340220848323
"59","Chip Kelly","Oregon","White",0.0704796714975124,-0.0110646115202134,0.0317738120969248,0.0422826598140282,7.925,4,-0.0442584460808537,0.127095248387699,0.169130639256113,0.28191868599005
"60","Chip Kelly","UCLA","White",-0.0604798195511785,-0.0109544683276372,-0.0840279024003122,-0.0500194825100784,-4.48333333333333,4,-0.043817873310549,-0.336111609601249,-0.200077930040313,-0.241919278204714
"61","Chip Lindsey","Troy","White",-0.0899532612992226,-0.0372916139660927,0.0628147792365797,-0.0396580747851223,-6.43333333333333,3,-0.111874841898278,0.188444337709739,-0.118974224355367,-0.269859783897668
"62","Chris Ash","Rutgers","White",-0.123622843813868,-0.0835803117565212,0.0391909223046448,-0.0663759260669363,-9.10833333333333,4,-0.334321247026085,0.156763689218579,-0.265503704267745,-0.494491375255472
"63","Chris Creighton","Eastern Michigan","White",-0.0117209242365753,0.0143269197802441,0.0134140993529574,0.0845284654471071,NA,8,0.114615358241953,0.107312794823659,0.676227723576857,-0.0937673938926022
"64","Chris Klieman","Kansas State","White",-0.00663312948876055,0.0162280340884254,0.0228799044187316,0.0514093398093102,-1.7,3,0.0486841022652761,0.0686397132561949,0.154228019427931,-0.0198993884662816
"65","Chris Petersen","Boise State","White",0.0635135765268591,0.0496833719367976,-0.0410311139704944,0.120250401536656,7.5875,8,0.39746697549438,-0.328248911763955,0.962003212293244,0.508108612214873
"66","Chris Petersen","Washington","White",0.136995333104231,0.0566641604827933,-0.00170049271493047,0.0244524133784417,7.21666666666667,6,0.33998496289676,-0.0102029562895828,0.14671448027065,0.821971998625388
"67","Chuck Long","San Diego State","White",-0.0580093487022003,-0.036175814462497,0.0519561116632257,-0.0331791167445185,-10.7666666666667,3,-0.108527443387491,0.155868334989677,-0.0995373502335554,-0.174028046106601
"68","Chuck Martin","Miami (OH)","White",0.0635441967910934,0.0459504982373485,0.0147575081712952,0.0397330345367352,5.74583333333333,8,0.367603985898788,0.118060065370362,0.317864276293881,0.508353574328748
"69","Clark Lea","Vanderbilt","White",-0.0939533455930071,-0.0697187016271804,0.00612557092609792,-0.0745107001707145,-11.5333333333333,1,-0.0697187016271804,0.00612557092609792,-0.0745107001707145,-0.0939533455930071
"70","Clay Helton","USC","White",-0.0794177749610211,0.0128515031425165,-0.00351873922963514,0.019632670710467,-6.8,6,0.0771090188550992,-0.0211124353778108,0.117796024262802,-0.476506649766127
"71","Craig Bohl","Wyoming","White",0.0599605647612331,0.0311853631833215,-0.0433883827059485,-0.00790222664194695,3.325,8,0.249482905466572,-0.347107061647588,-0.0632178131355756,0.479684518089865
"72","Curtis Johnson","Tulane","Black",-0.0245418110223915,-0.00866630913095706,-0.0614840421281521,-0.0482123524811287,6.79166666666667,4,-0.0346652365238282,-0.245936168512608,-0.192849409924515,-0.098167244089566
"73","D.J. Durkin","Maryland","White",-0.0550528038840212,-0.0465672896616099,0.0226500411829588,-0.0391592070615767,-5.23333333333333,2,-0.0931345793232198,0.0453000823659176,-0.0783184141231533,-0.110105607768042
"74","Dabo Swinney","Clemson","White",0.108748588518691,0.0735609855442665,-0.0545915132078348,0.0967314264026584,6.90769230769231,13,0.956292812075465,-0.709689671701852,1.25750854323456,1.41373165074299
"75","Dan Enos","Central Michigan","White",-0.0405742804961831,-0.0273528881989046,0.0188350726613456,-0.0128864049269548,NA,5,-0.136764440994523,0.0941753633067281,-0.064432024634774,-0.202871402480915
"76","Dan Hawkins","Colorado","White",-0.00241728117290243,-0.0552148629137476,-0.0211784294775992,-0.10896974013536,-7.14,5,-0.276074314568738,-0.105892147387996,-0.544848700676799,-0.0120864058645121
"77","Dan McCarney","North Texas","White",-0.0905540299258219,-0.0306785400451322,0.00489016966670122,-0.0146968692445128,7.50666666666667,5,-0.153392700225661,0.0244508483335061,-0.073484346222564,-0.45277014962911
"78","Dan Mullen","Florida","White",0.0635303699247477,0.0381284477795179,0.0342902857953714,0.0763594332159484,5.65,4,0.152513791118072,0.137161143181486,0.305437732863794,0.254121479698991
"79","Dan Mullen","Mississippi State","White",0.112849180757265,0.0723644698534712,-0.031883656429395,0.0576365007305581,NA,9,0.651280228681241,-0.286952907864555,0.518728506575023,1.01564262681539
"80","Dana Dimel","UTEP","White",0.147088029649627,0.0340896470780374,-0.00484727337358171,0.0535427004340359,-0.824999999999999,4,0.13635858831215,-0.0193890934943268,0.214170801736143,0.588352118598507
"81","Dana Holgorsen","Houston","White",-0.0853805536382783,0.00390942546953132,-0.00687544686823632,-0.012695097964274,-1.73333333333333,3,0.011728276408594,-0.020626340604709,-0.0380852938928219,-0.256141660914835
"82","Dana Holgorsen","West Virginia","White",0.0173181291474613,0.00562518642291476,-0.0474206587575687,0.0127099624232318,-0.829166666666666,8,0.0450014913833181,-0.37936527006055,0.101679699385854,0.13854503317969
"83","Danny Gonzales","New Mexico","White",-0.0774794577001595,-0.045677535372685,-0.0170970339168595,-0.0319952096087165,-0.350000000000001,2,-0.0913550707453701,-0.034194067833719,-0.063990419217433,-0.154958915400319
"84","Danny Hope","Purdue","White",-0.0513793112376877,-0.0368720035714663,-0.0260972324777996,-0.0333824340819311,-5.01666666666667,4,-0.147488014285865,-0.104388929911199,-0.133529736327724,-0.205517244950751
"85","Darrell Hazell","Kent State","Black",-0.0458188060020019,-0.05890187905689,-0.00281872839595204,-0.0477630485108068,5.4,2,-0.11780375811378,-0.00563745679190408,-0.0955260970216135,-0.0916376120040037
"86","Darrell Hazell","Purdue","Black",-0.0515081204060286,-0.0367541076952156,0.0247213943208268,-0.0368327815222824,-6.18333333333333,4,-0.147016430780862,0.0988855772833072,-0.14733112608913,-0.206032481624115
"87","Dave Aranda","Baylor","Other",0.00480374351343993,0.013223438348595,0.0199362927148281,0.0308655595335188,4.45,2,0.0264468766971899,0.0398725854296563,0.0617311190670377,0.00960748702687986
"88","Dave Christensen","Wyoming","White",-0.0886144982618332,-0.0650373143179274,0.0279790897909153,-0.0438206401985603,-2.28666666666667,5,-0.325186571589637,0.139895448954577,-0.219103200992802,-0.443072491309166
"89","Dave Clawson","Bowling Green","White",-0.0433458937356259,0.0113437284252609,0.0269241074966856,0.0173567789362172,1.70666666666667,5,0.0567186421263047,0.134620537483428,0.0867838946810862,-0.21672946867813
"90","Dave Clawson","Wake Forest","White",0.0093272583358084,0.0177720246769932,-0.0266972755656309,0.0310610718039744,5.95416666666667,8,0.142176197415945,-0.213578204525047,0.248488574431796,0.0746180666864672
"91","Dave Doeren","NC State","White",0.0315110352700963,0.0376666287309665,0.0104201905674568,0.0199878522392948,-0.788888888888889,9,0.338999658578698,0.0937817151071112,0.179890670153654,0.283599317430866
"92","Dave Doeren","Northern Illinois","White",0.0271958158119672,-0.00294977295877691,0.0209153760949298,-0.0251327335861984,NA,2,-0.00589954591755382,0.0418307521898597,-0.0502654671723969,0.0543916316239344
"93","David Bailiff","Rice","White",0.0414520570966619,0.0352439415891264,0.0375403226682691,0.0760210693308407,1.05,11,0.387683357480391,0.412943549350961,0.836231762639248,0.45597262806328
"94","David Beaty","Kansas","White",-0.0596944620963026,-0.041202102838461,-0.0104289536229767,-0.0051726832392564,-4.325,4,-0.164808411353844,-0.0417158144919069,-0.0206907329570256,-0.23877784838521
"95","David Cutcliffe","Duke","White",0.0550355824870019,0.0771162607828966,-0.017794515156589,0.0980866780592305,12.1547619047619,14,1.07962765096055,-0.249123212192246,1.37321349282923,0.770498154818027
"96","David Elson","Western Kentucky","White",-0.176820519501287,-0.0287219797939818,-0.0429979893063479,-0.193073296731961,NA,2,-0.0574439595879636,-0.0859959786126959,-0.386146593463922,-0.353641039002574
"97","David Shaw","Stanford","Black",-0.00481842011161653,-0.00838203201849774,-0.0141243196383443,0.0161604387457404,-0.530303030303031,11,-0.0922023522034752,-0.155367516021787,0.177764826203144,-0.0530026212277818
"98","Dennis Erickson","Arizona State","White",-0.0379763605059684,-0.0242788676652022,0.00174531591632154,-0.0468020877276237,-2.53,5,-0.121394338326011,0.00872657958160772,-0.234010438638118,-0.189881802529842
"99","Dennis Franchione","Texas State","White",0.13350057863403,0.0931615739910688,-0.00591984595056158,0.0985013857947916,NA,4,0.372646295964275,-0.0236793838022463,0.394005543179166,0.53400231453612
"100","Derek Dooley","Louisiana Tech","White",0.164534404582355,0.091773232354717,-0.0194482717664006,0.0475378150659875,NA,3,0.275319697064151,-0.0583448152992017,0.142613445197962,0.493603213747065
"101","Derek Dooley","Tennessee","White",0.00824715040141208,-0.00212070858856761,0.0246040663401897,0.0183478413449152,-2.9,3,-0.00636212576570283,0.073812199020569,0.0550435240347456,0.0247414512042362
"102","Derek Mason","Vanderbilt","Black",-0.149001316391367,-0.0577728839541871,0.0297800917630293,-0.0598871183134944,-10.8857142857143,7,-0.404410187679309,0.208460642341205,-0.419209828194461,-1.04300921473957
"103","DeWayne Walker","New Mexico State","Black",-0.0693060243550291,-0.0256274836593585,-0.0338337155235799,-0.0770463278926297,NA,4,-0.102509934637434,-0.13533486209432,-0.308185311570519,-0.277224097420116
"104","Dino Babers","Bowling Green","Black",0.0416052306101197,-0.0333162872958412,-0.0542678191497613,-0.0363713556059402,0.0999999999999999,2,-0.0666325745916825,-0.108535638299523,-0.0727427112118805,0.0832104612202393
"105","Dino Babers","Syracuse","Black",-0.0242201422655021,0.0118208668749764,0.00894081144329378,0.0198545524234124,-0.0499999999999999,6,0.0709252012498581,0.0536448686597627,0.119127314540474,-0.145320853593012
"106","Dirk Koetter","Arizona State","White",-0.0439758539603119,0.0255491873937504,-0.0263642325241514,0.0237372064368525,-5.5,1,0.0255491873937504,-0.0263642325241514,0.0237372064368525,-0.0439758539603119
"107","Doc Holliday","Marshall","White",0.106326751755872,0.0574331052385159,-0.0450192826672103,0.0759306010353507,4.8969696969697,11,0.631764157623674,-0.495212109339314,0.835236611388858,1.16959426931459
"108","Don Treadwell","Miami (OH)","White",-0.0637918979314318,-0.084823739572035,0.0276463545181913,-0.0717868709186811,-1.2,3,-0.254471218716105,0.082939063554574,-0.215360612756043,-0.191375693794295
"109","Doug Marrone","Syracuse","White",0.148266996972549,0.138936799819504,-0.0656371884947838,0.149901517457394,7.50833333333333,4,0.555747199278017,-0.262548753979135,0.599606069829575,0.593067987890196
"110","Doug Martin","New Mexico State","White",-0.0505146236661031,-0.00675961939310388,0.0116656264075762,-0.0180832298695007,NA,8,-0.054076955144831,0.0933250112606099,-0.144665838956006,-0.404116989328825
"111","Ed Orgeron","LSU","White",-0.102994961175306,-0.0219490096986084,0.00370418163725814,0.0309073717617407,-6.01333333333333,5,-0.109745048493042,0.0185209081862907,0.154536858808703,-0.514974805876532
"112","Ed Orgeron","Ole Miss","White",0.0240927241506497,0.0104489293484547,-0.0577341805093231,0.00639427747512383,1.9,1,0.0104489293484547,-0.0577341805093231,0.00639427747512383,0.0240927241506497
"113","Eliah Drinkwitz","Appalachian State","White",-0.00828627390111915,0.00350723777941853,-0.0136284027417874,0.0049670506567559,NA,1,0.00350723777941853,-0.0136284027417874,0.0049670506567559,-0.00828627390111915
"114","Eliah Drinkwitz","Missouri","White",-0.195506862683561,-0.0868550688171772,0.0794761684881215,-0.0626935591171685,-8.56666666666667,2,-0.173710137634354,0.158952336976243,-0.125387118234337,-0.391013725367121
"115","Ellis Johnson","Southern Mississippi","White",-0.164024613155944,-0.136890364153518,0.0756268231895302,-0.147856212426183,NA,1,-0.136890364153518,0.0756268231895302,-0.147856212426183,-0.164024613155944
"116","Everett Withers","North Carolina","Black",0.033747628925271,0.0218347252835275,0.00100716364083292,0.0298653465688811,NA,1,0.0218347252835275,0.00100716364083292,0.0298653465688811,0.033747628925271
"117","Everett Withers","Texas State","Black",-0.0905887939619835,-0.0409396751317978,0.0290549543230254,-0.00679183024878044,-11.9,3,-0.122819025395393,0.0871648629690762,-0.0203754907463413,-0.271766381885951
"118","Frank Spaziani","Boston College","White",-0.113095495723267,-0.104491408581165,0.117772651604752,-0.11238376509689,-7.73333333333333,4,-0.41796563432466,0.471090606419007,-0.449535060387559,-0.452381982893068
"119","Frank Wilson","UT San Antonio","Black",-0.00732702061476834,-0.00493164656682943,-0.059646970469139,-0.0168100426503937,NA,4,-0.0197265862673177,-0.238587881876556,-0.0672401706015748,-0.0293080824590733
"120","Garrick McGee","UAB","Black",0.0144791208551191,0.0074749055476705,-0.0145856247396526,0.00811392138835271,-5.68333333333333,2,0.014949811095341,-0.0291712494793052,0.0162278427767054,0.0289582417102383
"121","Gary Andersen","Oregon State","White",-0.107305294507804,-0.0933769267252172,0.0398716346881986,-0.126019951797645,-17.1333333333333,3,-0.280130780175652,0.119614904064596,-0.378059855392934,-0.321915883523412
"122","Gary Andersen","Utah State","White",0.20670083463766,0.134854581500164,-0.024176409816531,0.182821884277396,15.1333333333333,12,1.61825497800197,-0.290116917798372,2.19386261132875,2.48041001565192
"123","Gary Andersen","Wisconsin","White",0.0360173166114386,0.0129820067056423,0.0106525182098782,-0.0124559505686306,-0.599999999999998,2,0.0259640134112846,0.0213050364197563,-0.0249119011372613,0.0720346332228771
"124","Gene Chizik","Auburn","White",-0.0271526026833986,-0.0152539281042239,-0.0184763170869505,-0.0555887420593937,-0.983333333333334,4,-0.0610157124168957,-0.0739052683478022,-0.222354968237575,-0.108610410733594
"125","Gene Chizik","Iowa State","White",-0.0140068229881819,-0.0493767803331679,0.0320859303974863,-0.0338089094026942,-9.35,2,-0.0987535606663358,0.0641718607949726,-0.0676178188053883,-0.0280136459763637
"126","Geoff Collins","Georgia Tech","White",-0.164616280519645,-0.0404346788393297,0.0521650516383642,0.0444131906659541,-13.7333333333333,3,-0.121304036517989,0.156495154915093,0.133239571997862,-0.493848841558935
"127","Geoff Collins","Temple","White",-0.0125118734657828,-0.0203236301378206,0.00927023809877739,0.0220698264974798,-5.93333333333333,2,-0.0406472602756413,0.0185404761975548,0.0441396529949597,-0.0250237469315656
"128","Greg McMackin","Hawai'i","White",-0.0391589104901701,-0.0318649400249262,0.0385174236287003,-0.0308812301500492,NA,4,-0.127459760099705,0.154069694514801,-0.123524920600197,-0.156635641960681
"129","Gus Malzahn","Arkansas State","White",0.0196760235522105,0.0335250458645774,-0.0107404524069538,-0.0318747042726235,7.73333333333333,1,0.0335250458645774,-0.0107404524069538,-0.0318747042726235,0.0196760235522105
"130","Gus Malzahn","Auburn","White",0.110155239669234,0.0645499774439727,-0.0300341369113434,0.0787173304056578,9.25416666666667,8,0.516399819551781,-0.240273095290747,0.629738643245263,0.881241917353875
"131","Gus Malzahn","UCF","White",-0.0982118387079502,-0.0160239363909561,0.0288804873957851,-0.0214188487015994,-9.73333333333333,1,-0.0160239363909561,0.0288804873957851,-0.0214188487015994,-0.0982118387079502
"132","Guy Morriss","Baylor","White",-0.00626046155859528,-0.0321772101317648,0.0472272024388405,0.0133355209724279,-5.2,2,-0.0643544202635296,0.094454404877681,0.0266710419448557,-0.0125209231171906
"133","Hal Mumme","New Mexico State","White",0.111651653813512,0.0873592414437028,-0.00671905790315031,0.194446812659174,NA,3,0.262077724331108,-0.0201571737094509,0.583340437977522,0.334954961440536
"134","Herm Edwards","Arizona State","Black",0.151665137846479,0.04223530901924,0.0353416708119284,0.0146994379135972,3.04166666666667,4,0.16894123607696,0.141366683247714,0.0587977516543887,0.606660551385917
"135","Houston Nutt","Arkansas","White",0.115772959259528,0.0647531267338425,-0.0314765127545911,0.12308912057255,6.2,2,0.129506253467685,-0.0629530255091821,0.246178241145099,0.231545918519055
"136","Houston Nutt","Ole Miss","White",0.0600772262473674,0.0688670942415343,-0.0303009262044723,0.0891974939477974,9.56666666666667,4,0.275468376966137,-0.121203704817889,0.35678997579119,0.240308904989469
"137","Hugh Freeze","Arkansas State","White",0.140694298666057,0.0830195460527917,-0.0588672220635959,0.113230896014236,6.7,1,0.0830195460527917,-0.0588672220635959,0.113230896014236,0.140694298666057
"138","Hugh Freeze","Liberty","White",0.290700937298957,0.106488580456847,-0.0633983808145085,0.0506108619362593,NA,3,0.319465741370542,-0.190195142443526,0.151832585808778,0.872102811896872
"139","Hugh Freeze","Ole Miss","White",0.12984906425205,0.0499768927637467,-0.0258597709896185,0.0323953448882079,12.84,5,0.249884463818734,-0.129298854948093,0.16197672444104,0.649245321260251
"140","Jake Spavital","Texas State","White",-0.0134609631889581,-0.0303312826545348,-0.0114372772598395,-0.0426575859198625,8.33333333333333,3,-0.0909938479636043,-0.0343118317795184,-0.127972757759587,-0.0403828895668744
"141","James Franklin","Penn State","Black",0.0679166955205757,0.0199687736303812,0.0299382074648862,0.0478179672279933,7.39166666666667,8,0.159750189043049,0.23950565971909,0.382543737823946,0.543333564164606
"142","James Franklin","Vanderbilt","Black",0.12174489226908,0.0615853048080731,-0.0452575175713456,0.0915654204114985,9.56666666666667,3,0.184755914424219,-0.135772552714037,0.274696261234495,0.365234676807239
"143","Jamey Chadwell","Coastal Carolina","White",0.26992349130469,0.114170109195434,-0.0350758817375177,0.160609644445589,NA,3,0.342510327586303,-0.105227645212553,0.481828933336766,0.809770473914071
"144","Jason Candle","Toledo","White",0.0400657072230586,-0.00460951191143882,0.0390529442779382,0.0339576906311653,-4.8,6,-0.0276570714686329,0.234317665667629,0.203746143786992,0.240394243338351
"145","Jay Hopson","Southern Mississippi","White",0.0775872927214728,0.055866018107334,-0.0472537106344653,0.0631490898625126,NA,5,0.27933009053667,-0.236268553172326,0.315745449312563,0.387936463607364
"146","Jay Norvell","Nevada","Black",0.0553859679339972,0.0185168616197295,0.0215281959614236,0.0250154056321302,-0.0333333333333341,5,0.0925843080986474,0.107640979807118,0.125077028160651,0.276929839669986
"147","Jedd Fisch","Arizona","White",-0.114033035283514,0.00188060545591678,0.0179339565955182,0.0169176246731157,-8.76666666666667,1,0.00188060545591678,0.0179339565955182,0.0169176246731157,-0.114033035283514
"148","Jeff Brohm","Purdue","White",0.119916854042237,0.0658505440367377,0.0391650073580043,0.0827878813559461,10.5,5,0.329252720183689,0.195825036790022,0.413939406779731,0.599584270211183
"149","Jeff Brohm","Western Kentucky","White",0.0914455541967427,0.0310251658838783,0.0399665404923548,0.0201608690407158,NA,3,0.093075497651635,0.119899621477065,0.0604826071221474,0.274336662590228
"150","Jeff Hafley","Boston College","White",-0.0197006821027166,-0.00875461177215781,0.0277853867568243,0.036371848732138,-3.08333333333333,2,-0.0175092235443156,0.0555707735136487,0.072743697464276,-0.0394013642054333
"151","Jeff Jagodzinski","Boston College","White",0.00281722865983594,-0.0090285593238833,-0.0228044850838717,-0.0614038299488338,-3.45,2,-0.0180571186477666,-0.0456089701677435,-0.122807659897668,0.00563445731967188
"152","Jeff Monken","Army","White",0.0520097557701226,0.0342557787306493,-0.00135614914231905,0.0153919934464119,7.22083333333333,8,0.274046229845195,-0.0108491931385524,0.123135947571295,0.416078046160981
"153","Jeff Quinn","Buffalo","White",0.0522703406368227,0.0651457941842638,-0.037957301008333,0.0242180367308961,-4.71333333333333,5,0.325728970921319,-0.189786505041665,0.12109018365448,0.261351703184114
"154","Jeff Scott","South Florida","White",-0.142007233514994,-0.0506078254682324,0.0402563974251138,-0.0845547541310337,NA,2,-0.101215650936465,0.0805127948502276,-0.169109508262067,-0.284014467029988
"155","Jeff Tedford","Fresno State","White",0.312296784273272,0.133176706603392,-0.0903123758119703,0.140274846356357,15.7,3,0.399530119810176,-0.270937127435911,0.420824539069072,0.936890352819815
"156","Jeff Traylor","UT San Antonio","White",0.139206125843808,0.0394217073507883,-0.00693784712025308,0.0924814837404346,NA,2,0.0788434147015765,-0.0138756942405062,0.184962967480869,0.278412251687617
"157","Jeremy Pruitt","Tennessee","White",-0.014119402267511,-0.0469480439279594,0.0408885550771235,-0.0788285901844912,-7.13333333333333,3,-0.140844131783878,0.12266566523137,-0.236485770553474,-0.0423582068025329
"158","Jerry Kill","Minnesota","White",0.0303335875679475,0.0121234727923892,-0.00611918276388029,0.0542302895409021,1.92,5,0.0606173639619462,-0.0305959138194015,0.271151447704511,0.151667937839738
"159","Jerry Kill","Northern Illinois","White",0.0755586659539601,0.0532036706580017,-0.0891533732143369,0.0643013265959663,NA,3,0.159611011974005,-0.267460119643011,0.192903979787899,0.22667599786188
"160","Jim Grobe","Baylor","White",-0.117214251773982,-0.0648730464934705,0.0381571703718604,-0.0366464706486654,-14.8333333333333,1,-0.0648730464934705,0.0381571703718604,-0.0366464706486654,-0.117214251773982
"161","Jim Harbaugh","Michigan","White",0.112339925689555,0.0790478704188501,-0.078337790062292,0.0662684293058626,5.80952380952381,7,0.553335092931951,-0.548364530436044,0.463879005141038,0.786379479826886
"162","Jim Harbaugh","Stanford","White",0.159937904759039,0.0654342587761582,-0.117848864935086,0.0639474793541236,11.5,4,0.261737035104633,-0.471395459740344,0.255789917416494,0.639751619036158
"163","Jim L. Mora","UCLA","White",0.080840402820845,0.0335354493148289,0.0467695336295662,0.0574190112127741,9.35,6,0.201212695888974,0.280617201777397,0.344514067276645,0.48504241692507
"164","Jim McElwain","Central Michigan","White",0.0790256755280706,0.0599344810074483,-0.0875780960890911,0.0460945264412633,NA,3,0.179803443022345,-0.262734288267273,0.13828357932379,0.237077026584212
"165","Jim McElwain","Colorado State","White",0.164975118126216,0.074854440771284,0.0110584220619337,0.110343267620051,9.33333333333333,3,0.224563322313852,0.0331752661858012,0.331029802860154,0.494925354378649
"166","Jim McElwain","Florida","White",0.0395808768157667,0.007079539190402,-0.0215003184439073,-0.00277740796364306,-4.63333333333333,3,0.021238617571206,-0.064500955331722,-0.00833222389092919,0.1187426304473
"167","Jimbo Fisher","Florida State","White",0.102344183729714,0.0262480584955497,0.0335807856134229,0.029731884389449,NA,8,0.209984467964397,0.268646284907383,0.237855075115592,0.818753469837711
"168","Jimbo Fisher","Texas A&M","White",0.0708856314623647,0.0794539434804936,0.0133140413998913,0.0517606561014771,3.05,4,0.317815773921974,0.053256165599565,0.207042624405908,0.283542525849459
"169","Jimmy Lake","Washington","Black",-0.15268701414565,-0.0912543654765688,0.00805237816280741,-0.0289158958818573,-13.6333333333333,2,-0.182508730953138,0.0161047563256148,-0.0578317917637147,-0.3053740282913
"170","Joe Moorhead","Mississippi State","White",0.0849873600731384,0.010491332525069,-0.035857360184773,-0.0418731588544914,NA,2,0.020982665050138,-0.0717147203695461,-0.0837463177089829,0.169974720146277
"171","Joey Jones","South Alabama","White",-0.0170522135863856,-0.0728961325468487,-0.00478213198239993,0.00672067206058397,NA,6,-0.437376795281092,-0.0286927918943996,0.0403240323635038,-0.102313281518314
"172","John Bonamego","Central Michigan","White",-0.00299055149821012,-0.0287789047025822,-0.000231996404062157,-0.0270379018108423,NA,4,-0.115115618810329,-0.000927985616248628,-0.108151607243369,-0.0119622059928405
"173","John L. Smith","Arkansas","White",-0.0859067706509212,0.0138389781953302,-0.0647861559129966,-0.0437045249038882,-13.7666666666667,1,0.0138389781953302,-0.0647861559129966,-0.0437045249038882,-0.0859067706509212
"174","Joker Phillips","Kentucky","Black",-0.0395465228869049,-0.057339364272444,0.0468309352269948,-0.0450540571974979,-7.1,3,-0.172018092817332,0.140492805680984,-0.135162171592494,-0.118639568660715
"175","Jon Embree","Colorado","Black",-0.115982972708631,-0.0523066476179533,-0.0147245760838285,-0.0199923739418446,-11.3666666666667,2,-0.104613295235907,-0.0294491521676569,-0.0399847478836892,-0.231965945417263
"176","Jonathan Smith","Oregon State","White",0.090080604384005,0.0622948180403731,-0.0304990231492923,0.0622254061513952,NA,4,0.249179272161492,-0.121996092597169,0.248901624605581,0.36032241753602
"177","Josh Heupel","Tennessee","White",0.137740960860402,0.115777642612158,-0.0928627333615005,0.0751011287112104,5.3,1,0.115777642612158,-0.0928627333615005,0.0751011287112104,0.137740960860402
"178","Josh Heupel","UCF","White",0.179890406432752,0.0467757090627713,-0.0790957063216781,0.037306743733554,13.8666666666667,3,0.140327127188314,-0.237287118965034,0.111920231200662,0.539671219298255
"179","June Jones","SMU","White",-0.00070075802519981,-0.00453277262387991,0.0165917979428437,2.9345743175313e-05,2.2952380952381,7,-0.0317294083671594,0.116142585599906,0.000205420202227191,-0.00490530617639867
"180","Justin Fuente","Memphis","White",0.162715879300074,0.0919652945632607,-0.0763028853943512,0.111712555471513,18.4333333333333,4,0.367861178253043,-0.305211541577405,0.446850221886054,0.650863517200296
"181","Justin Fuente","Virginia Tech","White",-0.00968578805999819,-0.00884147563042098,-0.0107559108403776,-0.00652861180281655,NA,6,-0.0530488537825259,-0.0645354650422658,-0.0391716708168993,-0.0581147283599892
"182","Justin Wilcox","California","White",-0.00742969478663857,-0.035392834764,0.00525504885324629,-0.0608437219691252,NA,5,-0.17696417382,0.0262752442662315,-0.304218609845626,-0.0371484739331929
"183","Kalani Sitake","BYU","Other",-0.0163696589050008,-0.0151827240703108,0.044525295159971,-0.0312761963186663,-4.73333333333333,6,-0.0910963444218648,0.267151770959826,-0.187657177911998,-0.0982179534300046
"184","Kalen DeBoer","Fresno State","White",-0.0333193577754327,0.0362549975978744,0.0269464661877494,0.0812781521737864,-5.18333333333333,2,0.0725099951957489,0.0538929323754989,0.162556304347573,-0.0666387155508654
"185","Kane Wommack","South Alabama","White",0.148294982444766,0.0975181504434078,-0.000891129429843457,0.161419142650648,6.1,1,0.0975181504434078,-0.000891129429843457,0.161419142650648,0.148294982444766
"186","Karl Dorrell","Colorado","Black",-0.00827589873841991,0.0026034564599855,-0.0418148328961044,-0.0596693502388698,-1.16666666666667,2,0.005206912919971,-0.0836296657922089,-0.11933870047774,-0.0165517974768398
"187","Ken Niumatalolo","Navy","Other",-0.0309518715971318,-0.0238769008543345,0.0291516378761721,-0.0117091634276961,0.252380952380953,14,-0.334276611960683,0.408122930266409,-0.163928287987745,-0.433326202359845
"188","Kevin Sumlin","Arizona","Black",-0.0725516257998346,-0.0302482028728434,-0.00662323743712437,-0.0151151193768252,-5.33333333333333,3,-0.0907446086185302,-0.0198697123113731,-0.0453453581304757,-0.217654877399504
"189","Kevin Sumlin","Houston","Black",0.0633199856483276,0.0131405752308816,-0.0150762104262799,0.0293373516418473,6.19166666666667,4,0.0525623009235263,-0.0603048417051196,0.117349406567389,0.25327994259331
"190","Kevin Sumlin","Texas A&M","Black",-0.00422050136736587,-0.0219285378551778,-0.0113705167658802,0.0133091969455409,3.63333333333333,6,-0.131571227131067,-0.068223100595281,0.0798551816732453,-0.0253230082041952
"191","Kevin Wilson","Indiana","White",0.0674232157124075,0.0406296958003652,-0.0399505961100963,0.0406942125617401,5.4,6,0.243778174802191,-0.239703576660578,0.244165275370441,0.404539294274445
"192","Kirby Smart","Georgia","White",0.0320744973144205,0.00478782044664416,-0.0016980572818435,-0.0392182430209564,2.85,6,0.028726922679865,-0.010188343691061,-0.235309458125739,0.192446983886523
"193","Kliff Kingsbury","Texas Tech","White",-0.0360743027487673,-0.0416960121729488,0.00318719558653549,-0.045114606809577,0.533333333333333,6,-0.250176073037693,0.0191231735192129,-0.270687640857462,-0.216445816492604
"194","Kyle Flood","Rutgers","White",-0.0231401986696679,0.0030965445315797,0.00779872677434568,0.00924294026910327,-2.33333333333333,4,0.0123861781263188,0.0311949070973827,0.0369717610764131,-0.0925607946786715
"195","Lance Leipold","Buffalo","White",0.0516231469006714,-0.00679273374985362,0.0055897441266701,0.0317968955087333,1.58333333333333,6,-0.0407564024991217,0.0335384647600206,0.1907813730524,0.309738881404028
"196","Lance Leipold","Kansas","White",-0.144532425739546,-0.050050243917222,-0.0044891194807038,-0.0172751322533919,-5.83333333333333,1,-0.050050243917222,-0.0044891194807038,-0.0172751322533919,-0.144532425739546
"197","Lane Kiffin","Florida Atlantic","White",0.246455448084137,0.100560406429708,-0.0469982142204816,0.0525647759192791,NA,3,0.301681219289125,-0.140994642661445,0.157694327757837,0.73936634425241
"198","Lane Kiffin","Ole Miss","White",-0.00275201798704658,-0.0218260853180298,-0.00798106833290257,0.0064765479018386,5.28333333333333,2,-0.0436521706360596,-0.0159621366658051,0.0129530958036772,-0.00550403597409316
"199","Lane Kiffin","Tennessee","White",0.0494530217972668,0.0116712655585247,-0.0414928578333759,0.0511769791805369,0.966666666666667,1,0.0116712655585247,-0.0414928578333759,0.0511769791805369,0.0494530217972668
"200","Lane Kiffin","USC","White",-0.111596595261421,-0.0711078577084963,0.0876248766457695,-0.0524899442939236,-7.44166666666667,4,-0.284431430833985,0.350499506583078,-0.209959777175694,-0.446386381045685
"201","Larry Fedora","North Carolina","White",-0.0542893916249361,-0.0169513701520663,0.0371470264129822,0.00514872869766547,NA,7,-0.118659591064464,0.260029184890876,0.0360411008836583,-0.380025741374553
"202","Larry Fedora","Southern Mississippi","White",0.0615325241643646,0.040660072682543,-0.0399070605223159,0.0251430971269586,NA,4,0.162640290730172,-0.159628242089263,0.100572388507834,0.246130096657458
"203","Larry Porter","Memphis","Black",-0.0495191435877988,-0.0743249392084234,0.0385149944377709,-0.0591748156204371,-14.9,2,-0.148649878416847,0.0770299888755419,-0.118349631240874,-0.0990382871755976
"204","Les Miles","Kansas","White",-0.0410569163475132,-0.0238304331297979,0.0966332753116156,-0.00918727964977467,-2.58333333333333,2,-0.0476608662595959,0.193266550623231,-0.0183745592995493,-0.0821138326950264
"205","Lincoln Riley","Oklahoma","White",0.0432552314320826,0.0227862288340705,-0.0141072018840953,0.0132060215515473,-1.45333333333333,5,0.113931144170352,-0.0705360094204764,0.0660301077577363,0.216276157160413
"206","Lovie Smith","Illinois","Black",-0.0792233148300519,-0.0549868594207077,0.0129692514146958,-0.100779386540848,-5.17333333333333,5,-0.274934297103538,0.064846257073479,-0.50389693270424,-0.396116574150259
"207","Luke Fickell","Cincinnati","White",0.136001159745502,0.0592480422331227,-0.0183966161331253,0.0480194875371514,5.70666666666667,5,0.296240211165614,-0.0919830806656265,0.240097437685757,0.680005798727512
"208","Luke Fickell","Ohio State","White",-0.0784357583964155,-0.0537313117455548,-0.0320235855925267,-0.13992330593826,NA,1,-0.0537313117455548,-0.0320235855925267,-0.13992330593826,-0.0784357583964155
"209","Mack Brown","North Carolina","White",0.146738862282595,0.0654601435754878,-0.029054240707724,0.0453724761931823,NA,3,0.196380430726463,-0.0871627221231721,0.136117428579547,0.440216586847785
"210","Major Applewhite","Houston","White",-0.0367104190644889,-0.0597758889643997,0.0217832692649665,-0.0471856290807881,-7.58333333333333,2,-0.119551777928799,0.043566538529933,-0.0943712581615762,-0.0734208381289779
"211","Manny Diaz","Miami","Other",-0.0914906687643638,-0.015772937382284,0.0381004580582532,0.00253646081923881,-5.6,3,-0.0473188121468519,0.11430137417476,0.00760938245771642,-0.274472006293091
"212","Marcus Arroyo","UNLV","White",-0.0806442984911235,-0.0471183614764963,0.00245247051466244,-0.0284448964959822,-3.15,2,-0.0942367229529926,0.00490494102932487,-0.0568897929919644,-0.161288596982247
"213","Mario Cristobal","Florida International","Other",0.167070726302869,0.112575348144055,-0.111672713306408,0.0941514384432564,NA,6,0.675452088864332,-0.670036279838446,0.564908630659538,1.00242435781721
"214","Mario Cristobal","Oregon","Other",0.0843376058179778,0.0394499990729056,-0.0182391245541902,0.0393290812322851,4.44166666666667,4,0.157799996291622,-0.0729564982167606,0.15731632492914,0.337350423271911
"215","Mark Dantonio","Michigan State","White",0.021431538301095,0.00822672012157172,-0.0349735269585418,0.0062818592330573,NA,13,0.106947361580432,-0.454655850461043,0.0816641700297449,0.278609997914235
"216","Mark Helfrich","Oregon","White",-0.0404785713004388,-0.0297144738574949,-0.00980337309616741,-0.0325662448661434,-8.15833333333333,4,-0.118857895429979,-0.0392134923846696,-0.130264979464574,-0.161914285201755
"217","Mark Hudspeth","Louisiana","White",0.0316502594175135,0.0463767016743605,-0.048810666829972,0.0115203409030395,4.89047619047619,7,0.324636911720523,-0.341674667809804,0.0806423863212768,0.221551815922594
"218","Mark Richt","Miami","White",0.0952163044782341,0.0358094499150478,-0.0917203176632766,0.0122716406467487,4.63333333333333,3,0.107428349745143,-0.27516095298983,0.036814921940246,0.285648913434702
"219","Mark Stoops","Kentucky","White",0.0742096146744702,0.022050212665947,-0.0196644152102099,-0.0124390015753587,5.75555555555556,9,0.198451913993523,-0.176979736891889,-0.111951014178228,0.667886532070232
"220","Mark Whipple","UMass","White",0.0817222490446529,0.0184054136403383,-0.02667495859442,0.0199031360423309,NA,5,0.0920270682016916,-0.1333747929721,0.0995156802116545,0.408611245223265
"221","Matt Campbell","Iowa State","White",0.182756804946845,0.0893918296738589,-0.0395325773751655,0.113405413606221,12.4666666666667,6,0.536350978043154,-0.237195464250993,0.680432481637327,1.09654082968107
"222","Matt Campbell","Toledo","White",0.0187750600986847,0.0377815671613158,-0.0438334703379162,-0.022375251867517,5.76666666666667,4,0.151126268645263,-0.175333881351665,-0.089501007470068,0.075100240394739
"223","Matt Canada","Maryland","White",0.16436445959157,0.0348839511495017,0.0210746068818675,0.0140161172497807,7.56666666666667,1,0.0348839511495017,0.0210746068818675,0.0140161172497807,0.16436445959157
"224","Matt Luke","Ole Miss","White",-0.0966653173084005,-0.0507421248387466,0.0251171080028369,-0.0566447891220515,-14.9333333333333,3,-0.15222637451624,0.0753513240085107,-0.169934367366154,-0.289995951925201
"225","Matt Rhule","Baylor","White",-0.1646966304742,-0.0848964694224294,0.0911983019038979,-0.108799704644064,-14.1,3,-0.254689408267288,0.273594905711694,-0.326399113932191,-0.4940898914226
"226","Matt Rhule","Temple","White",0.0607622390327672,0.0325641391428256,-0.0366727984563069,0.0153371900627181,2.075,4,0.130256556571303,-0.146691193825228,0.0613487602508722,0.243048956131069
"227","Matt Viator","Louisiana Monroe","White",-0.0736592523877613,-0.0241215469553883,0.0141901515245068,-0.0405472392997133,NA,5,-0.120607734776942,0.0709507576225341,-0.202736196498567,-0.368296261938807
"228","Matt Wells","Texas Tech","White",-0.0372726196286673,-0.00292017156260715,-0.0368583901432525,-0.030932880417898,-4.33333333333333,3,-0.00876051468782146,-0.110575170429758,-0.092798641253694,-0.111817858886002
"229","Matt Wells","Utah State","White",0.0247214172525744,0.0198145801458727,0.0121995648200288,0.0271326531414806,3.86666666666667,6,0.118887480875236,0.0731973889201727,0.162795918848883,0.148328503515447
"230","Maurice Linguist","Buffalo","Black",-0.279607023499583,-0.0676626827670673,-0.0333184485814083,-0.0798957889131898,-8.86666666666667,1,-0.0676626827670673,-0.0333184485814083,-0.0798957889131898,-0.279607023499583
"231","Mel Tucker","Colorado","Black",-0.101661375437781,-0.057263551349778,-0.0253058142921682,-0.106797601440134,-6.23333333333333,1,-0.057263551349778,-0.0253058142921682,-0.106797601440134,-0.101661375437781
"232","Mel Tucker","Michigan State","Black",-0.0327710798237388,-0.0695171015212828,0.0351404046663864,-0.0516370163514992,NA,2,-0.139034203042566,0.0702808093327729,-0.103274032702998,-0.0655421596474775
"233","Michael Haywood","Miami (OH)","Black",0.140145941305222,0.0482624189279027,-0.0396744711489456,0.0615684621637097,-0.750000000000002,2,0.0965248378558053,-0.0793489422978912,0.123136924327419,0.280291882610444
"234","Mike Bloomgren","Rice","White",0.0672567460737937,-0.00201606861897796,-0.00981593134621178,0.0506540065671122,1.66666666666667,4,-0.00806427447591185,-0.0392637253848471,0.202616026268449,0.269026984295175
"235","Mike Bobo","Colorado State","White",-0.0771293417291943,-0.0101487968912324,-0.0306371806460971,-0.00953880155117121,-3.06666666666667,5,-0.0507439844561619,-0.153185903230485,-0.047694007755856,-0.385646708645971
"236","Mike Houston","East Carolina","White",0.0818573616005929,0.031533207534629,-0.0182494259686105,0.0318630219563525,NA,3,0.094599622603887,-0.0547482779058314,0.0955890658690575,0.245572084801779
"237","Mike Jinks","Bowling Green","Black",-0.293958210332108,-0.098558064123255,0.0727259997960338,-0.069791639988091,-18.7666666666667,3,-0.295674192369765,0.218177999388101,-0.209374919964273,-0.881874630996324
"238","Mike Leach","Mississippi State","White",-0.157891981260155,-0.0210119008479652,0.037931947334578,0.0269565447046167,NA,2,-0.0420238016959303,0.0758638946691559,0.0539130894092333,-0.31578396252031
"239","Mike Leach","Texas Tech","White",-0.0700120463242368,-0.00967850266786457,-0.0257697049861051,-0.0074014326349599,-0.366666666666665,1,-0.00967850266786457,-0.0257697049861051,-0.0074014326349599,-0.0700120463242368
"240","Mike Leach","Washington State","White",0.153786001287105,0.129848146579202,-0.0927915234752501,0.120641581450818,NA,8,1.03878517263362,-0.742332187802001,0.965132651606541,1.23028801029684
"241","Mike Locksley","Maryland","Black",0.00218511152378262,0.0406554815776712,-0.0270794611817084,0.0740208130939609,-1.1,3,0.121966444733014,-0.0812383835451251,0.222062439281883,0.00655533457134785
"242","Mike Locksley","New Mexico","Black",-0.153085714910918,-0.112863398896133,0.0667219660499856,-0.109535934280847,-20.1,3,-0.338590196688398,0.200165898149957,-0.328607802842542,-0.459257144732753
"243","Mike London","Virginia","Black",0.0278072918163734,0.0267709412747688,-0.12764020365894,0.0331781561175914,NA,6,0.160625647648613,-0.765841221953639,0.199068936705548,0.16684375089824
"244","Mike MacIntyre","Colorado","White",0.0777134065368931,0.0686747716961433,0.0303855668598154,0.111168875791018,8.98333333333333,6,0.41204863017686,0.182313401158892,0.667013254746111,0.466280439221359
"245","Mike MacIntyre","San Jos√© State","White",0.0976305500734174,0.0419282879666359,-0.0940660618389179,0.0316399486181634,NA,3,0.125784863899908,-0.282198185516754,0.0949198458544901,0.292891650220252
"246","Mike Neu","Ball State","White",0.020193909653733,-0.00261478173116741,-0.0592589607055473,-0.0309277111295828,-4.6,6,-0.0156886903870045,-0.355553764233284,-0.185566266777497,0.121163457922398
"247","Mike Norvell","Florida State","White",-0.0565426997417067,-0.00895268299618607,-0.0541249679383294,-0.0835730954069069,NA,2,-0.0179053659923721,-0.108249935876659,-0.167146190813814,-0.113085399483413
"248","Mike Norvell","Memphis","White",0.0656087775671526,0.0142551935395323,0.0350479480354237,0.0225074175175791,4.46666666666667,4,0.0570207741581292,0.140191792141695,0.0900296700703163,0.26243511026861
"249","Mike Riley","Nebraska","White",-0.141294275225089,-0.0845133171920799,0.0139294385807686,-0.0938899780930002,-6.93333333333333,3,-0.25353995157624,0.0417883157423059,-0.281669934279001,-0.423882825675267
"250","Mike Sanford Jr.","Western Kentucky","White",-0.177903195626288,-0.081121611227331,0.0439290229386957,-0.0830016590406767,NA,2,-0.162243222454662,0.0878580458773915,-0.166003318081353,-0.355806391252577
"251","Mike Sherman","Texas A&M","White",0.023119183223686,0.0139571896068713,0.0135557615753507,0.0534107475663416,-1.675,4,0.0558287584274852,0.054223046301403,0.213642990265366,0.0924767328947439
"252","Neal Brown","Troy","White",0.0854815624659632,0.0260504083156017,-0.0325708903464992,0.0179294200336776,8.8,4,0.104201633262407,-0.130283561385997,0.0717176801347104,0.341926249863853
"253","Neal Brown","West Virginia","White",-0.0904588943902232,-0.0343211392815929,0.033383264564273,-0.0457421471516921,-7.73333333333333,3,-0.102963417844779,0.100149793692819,-0.137226441455076,-0.27137668317067
"254","Neil Callaway","UAB","White",-0.0888793773294032,-0.0428544093593557,0.0133878502399367,-0.0480251063779365,-6.49,5,-0.214272046796778,0.0669392511996833,-0.240125531889682,-0.444396886647016
"255","Nick Rolovich","Hawai'i","White",0.0815507829419945,0.0541130824395517,0.0138649168526311,0.0707639642803196,NA,4,0.216452329758207,0.0554596674105243,0.283055857121278,0.326203131767978
"256","Nick Rolovich","Washington State","White",-0.163404437330204,-0.0716352702823018,0.0574555270557784,-0.0939812392864502,NA,2,-0.143270540564604,0.114911054111557,-0.1879624785729,-0.326808874660408
"257","Nick Saban","Alabama","White",0.186332313415974,0.0814843328077531,-0.0107145019429594,0.0772935624298063,15.1266666666667,15,1.2222649921163,-0.16071752914439,1.1594034364471,2.7949847012396
"258","Norm Chow","Hawai'i","Other",-0.138316628427216,-0.0790351887864382,-0.0616111582453489,-0.073335304832718,NA,4,-0.316140755145753,-0.246444632981395,-0.293341219330872,-0.553266513708863
"259","P.J. Fleck","Minnesota","White",0.00675714118797119,-0.00393715830534119,0.0194402649702008,-0.0238195467993696,0.359999999999999,5,-0.019685791526706,0.0972013248510041,-0.119097733996848,0.0337857059398559
"260","P.J. Fleck","Western Michigan","White",0.0605298461670493,-0.0055685820682006,-0.0123479129766551,-0.00402160653981126,NA,4,-0.0222743282728024,-0.0493916519066204,-0.016086426159245,0.242119384668197
"261","Pat Fitzgerald","Northwestern","White",0.00243444073276597,0.0107589260735899,-0.0766580307050853,0.00199339626891443,-2.3875,16,0.172142817177439,-1.22652849128136,0.0318943403026308,0.0389510517242555
"262","Pat Narduzzi","Pittsburgh","White",0.00941751378394551,-0.0104810358982348,0.011823955108281,-0.0342847694397805,NA,7,-0.0733672512876439,0.0827676857579669,-0.239993386078463,0.0659225964876186
"263","Paul Chryst","Pittsburgh","White",0.0214423337608266,0.0401033405977952,-0.0107778681974094,0.0197383208657147,NA,3,0.120310021793386,-0.0323336045922283,0.0592149625971441,0.06432700128248
"264","Paul Chryst","Wisconsin","White",0.0483303314376091,0.0267569646480128,-0.0445736609026861,0.0265416030135078,0.309523809523807,7,0.18729875253609,-0.312015626318803,0.185791221094554,0.338312320063264
"265","Paul Haynes","Kent State","Black",-0.121738014877094,-0.0395499242107048,0.0890396768191879,0.0067962517605219,-9.04666666666667,5,-0.197749621053524,0.44519838409594,0.0339812588026095,-0.60869007438547
"266","Paul Johnson","Georgia Tech","White",0.0749941251415461,-0.019077339184401,0.0257345081859576,-0.0733645011898225,2.26363636363636,11,-0.209850731028411,0.283079590045534,-0.807009513088047,0.824935376557007
"267","Paul Pasqualoni","Connecticut","White",-0.0409070601041379,-0.0132964868942691,-0.0219069530214858,0.0128841009753773,NA,3,-0.0398894606828073,-0.0657208590644575,0.0386523029261319,-0.122721180312414
"268","Paul Rhoads","Iowa State","White",0.0186325693223156,0.00645887448350585,0.0181048516327419,0.00343179637435437,4.84285714285714,7,0.0452121213845409,0.126733961429193,0.0240225746204806,0.130427985256209
"269","Paul Wulff","Washington State","White",-0.145146336692525,-0.0789750074478966,0.030008201588232,-0.053719641604663,NA,4,-0.315900029791586,0.120032806352928,-0.214878566418652,-0.580585346770102
"270","Pete Lembo","Ball State","White",-0.0576920164926676,-0.00181019078242106,0.00768569210933226,0.0203231832716788,1.17333333333333,5,-0.00905095391210531,0.0384284605466613,0.101615916358394,-0.288460082463338
"271","Philip Montgomery","Tulsa","White",0.0631273585157581,0.0105084777107701,0.0301447125390132,0.0270544053529413,3.80952380952381,7,0.0735593439753905,0.211012987773092,0.189380837470589,0.441891509610307
"272","Ralph Friedgen","Maryland","White",-0.0656756515629084,-0.054255447511026,-0.0462287009163786,-0.0129924517484162,-0.5,2,-0.108510895022052,-0.0924574018327572,-0.0259849034968324,-0.131351303125817
"273","Randy Edsall","Maryland","White",-0.058700780143568,-0.0260175629202793,0.034565228941046,-0.0181348565420336,-2.90666666666667,5,-0.130087814601397,0.17282614470523,-0.0906742827101678,-0.29350390071784
"274","Randy Shannon","Miami","Black",-0.0652085808213662,-0.0299569881060899,0.0398490928601768,-0.0328826159414394,-3.35,4,-0.11982795242436,0.159396371440707,-0.131530463765758,-0.260834323285465
"275","Rich Ellerson","Army","White",0.151222383016685,0.080185716346393,-0.0929265049996708,0.0651783950893478,3.30666666666667,5,0.400928581731965,-0.464632524998354,0.325891975446739,0.756111915083426
"276","Rich Rodriguez","Arizona","White",-0.0252279839698531,-0.038351910977506,-0.0413268358981092,-0.0937418529772471,-1.06666666666667,6,-0.230111465865036,-0.247961015388655,-0.562451117863483,-0.151367903819119
"277","Rich Rodriguez","Michigan","White",-0.0225849627116133,-0.01256342150463,0.0221958988449826,-0.0634739470416331,-13.4666666666667,3,-0.0376902645138899,0.0665876965349477,-0.190421841124899,-0.06775488813484
"278","Rick Neuheisel","UCLA","White",-0.0113716465815579,-0.01632624971951,0.0280227646008102,-0.00163924881503502,-8.375,4,-0.0653049988780401,0.112091058403241,-0.00655699526014009,-0.0454865863262316
"279","Rick Stockstill","Middle Tennessee","White",0.0488531925949654,0.158783424636777,0.109682635034888,0.197836730507351,NA,16,2.54053479418843,1.75492216055822,3.16538768811761,0.781651081519446
"280","Ricky Rahne","Old Dominion","White",0.149465870631444,0.0493037768768312,0.02007983985324,0.0436307818504155,NA,1,0.0493037768768312,0.02007983985324,0.0436307818504155,0.149465870631444
"281","Rob Ianello","Akron","White",-0.0783567838083527,-0.075868564284661,0.051650086518422,-0.088408152232623,-14.25,2,-0.151737128569322,0.103300173036844,-0.176816304465246,-0.156713567616705
"282","Robbie Caldwell","Vanderbilt","White",-0.0535239330685147,-0.0217238657845627,-0.0259951443826121,-0.0939409608831572,-9.5,1,-0.0217238657845627,-0.0259951443826121,-0.0939409608831572,-0.0535239330685147
"283","Rocky Long","San Diego State","White",0.0853431937888566,0.0415832012546791,-0.027288061186391,0.0499443823328489,8.02222222222222,9,0.374248811292112,-0.245592550677519,0.44949944099564,0.768088744099709
"284","Rod Carey","Northern Illinois","White",-0.0312988501992764,-0.0211547228368498,0.0388367141450885,-0.040843979296854,NA,6,-0.126928337021099,0.233020284870531,-0.245063875781124,-0.187793101195659
"285","Rod Carey","Temple","White",-0.200172202817861,-0.0872304583007944,0.00826358556023954,-0.0795439054105181,-15.6333333333333,3,-0.261691374902383,0.0247907566807186,-0.238631716231554,-0.600516608453582
"286","Ron Caragher","San Jos√© State","White",-0.0256372606337477,0.0203202391783121,0.0162887135379206,0.0264510988917908,NA,4,0.0812809567132484,0.0651548541516825,0.105804395567163,-0.102549042534991
"287","Ron English","Eastern Michigan","Black",-0.027328458401258,-0.0339594387174469,0.0454584317174987,-0.0499979629374742,NA,5,-0.169797193587234,0.227292158587493,-0.249989814687371,-0.13664229200629
"288","Ron Prince","Kansas State","Other",0.0483038344921525,0.079714023749459,-0.0953365889709023,0.113663055329745,4,3,0.239142071248377,-0.286009766912707,0.340989165989235,0.144911503476457
"289","Ron Turner","Florida International","White",-0.13852206454808,-0.0945710375388989,0.0395195672065767,-0.0670093143553886,NA,4,-0.378284150155596,0.158078268826307,-0.268037257421554,-0.55408825819232
"290","Ruffin McNeill","East Carolina","Black",0.046435249632287,0.0406712608629389,0.0668717185994539,0.066106120047361,NA,6,0.244027565177633,0.401230311596723,0.396636720284166,0.278611497793722
"291","Ryan Day","Ohio State","White",0.0374624814669115,-0.0233333731320386,0.0285850987687947,0.0273563213062386,NA,3,-0.0700001193961159,0.085755296306384,0.0820689639187157,0.112387444400735
"292","Ryan Silverfield","Memphis","White",-0.139914629225767,-0.0643533861579685,0.0420338289412729,-0.0726818135650282,-8.95,2,-0.128706772315937,0.0840676578825458,-0.145363627130056,-0.279829258451535
"293","Sam Pittman","Arkansas","White",0.226870149967638,0.0821854604836231,-0.0323155469815299,0.123026589007401,10.8333333333333,2,0.164370920967246,-0.0646310939630599,0.246053178014801,0.453740299935275
"294","Scot Loeffler","Bowling Green","White",-0.038705301001655,-0.0103199736523415,-0.023231705131746,-0.0868444120586071,-8.63333333333333,3,-0.0309599209570245,-0.0696951153952381,-0.260533236175821,-0.116115903004965
"295","Scott Frost","Nebraska","White",0.0783466856079308,0.0453427055911434,0.00108478531881318,0.0657216966622198,0.483333333333333,4,0.181370822364574,0.0043391412752527,0.262886786648879,0.313386742431723
"296","Scott Frost","UCF","White",0.223542234187683,0.0515375179255727,0.0504638986162099,0.0842746109309628,7.91666666666667,2,0.103075035851145,0.10092779723242,0.168549221861926,0.447084468375366
"297","Scott Satterfield","Appalachian State","White",0.335357960984762,0.122440093726111,-0.0830589703861879,0.107802260165916,NA,5,0.612200468630557,-0.41529485193094,0.539011300829582,1.67678980492381
"298","Scott Satterfield","Louisville","White",-0.00276535754271917,-0.0123066977577663,0.0523926444013897,0.0429996127930001,-3.03333333333333,3,-0.0369200932732988,0.157177933204169,0.128998838379,-0.00829607262815751
"299","Scott Shafer","Syracuse","White",-0.0954316332053361,-0.0684721281820682,0.0479051069830614,-0.0645997805932649,-1.76666666666667,3,-0.205416384546205,0.143715320949184,-0.193799341779795,-0.286294899616008
"300","Scottie Montgomery","East Carolina","Black",-0.246367183326771,-0.124159098570587,0.00684150955896104,-0.137714766878159,NA,3,-0.372477295711762,0.0205245286768831,-0.413144300634478,-0.739101549980313
"301","Sean Kugler","UTEP","White",-0.112227019724862,-0.0132092006180506,-0.0257672015732539,-0.0327091544662351,-9.34,5,-0.0660460030902529,-0.12883600786627,-0.163545772331176,-0.561135098624308
"302","Sean Lewis","Kent State","White",0.185781242920482,0.0799443091486292,-0.0286372683610091,0.0844787252851877,7.1,4,0.319777236594517,-0.114549073444037,0.337914901140751,0.743124971681928
"303","Seth Littrell","North Texas","White",0.127621693288429,0.0493706380194741,-0.00783577689807127,0.0620267046447368,0.25,6,0.296223828116845,-0.0470146613884276,0.372160227868421,0.765730159730573
"304","Shane Beamer","South Carolina","White",0.0684918843345022,0.0169789247643085,0.029551773601406,0.0393903814464285,NA,1,0.0169789247643085,0.029551773601406,0.0393903814464285,0.0684918843345022
"305","Shawn Clark","Appalachian State","White",-0.0258487916311889,0.0262316224890314,-0.0475501615700548,0.0222426610848741,NA,2,0.0524632449780629,-0.0951003231401096,0.0444853221697482,-0.0516975832623778
"306","Shawn Elliott","Georgia State","White",0.00501997475872745,0.086788619313213,-0.0670141691627336,0.0126942183935203,4.64666666666667,5,0.433943096566065,-0.335070845813668,0.0634710919676013,0.0250998737936373
"307","Skip Holtz","Louisiana Tech","White",0.0938415733869298,0.00786678323926571,-0.0388388485468277,0.00965945824383413,NA,9,0.0708010491533914,-0.349549636921449,0.0869351241945072,0.844574160482368
"308","Skip Holtz","South Florida","White",-0.10685750635272,-0.0274061057172589,0.0201044099506592,-0.0970638123745201,NA,3,-0.0822183171517768,0.0603132298519776,-0.29119143712356,-0.32057251905816
"309","Sonny Dykes","California","White",-0.0386364236432523,-0.0211235922883979,0.00854227817674463,-0.0305629596174283,NA,4,-0.0844943691535915,0.0341691127069785,-0.122251838469713,-0.154545694573009
"310","Sonny Dykes","Louisiana Tech","White",0.00540675696813012,0.0193138931018377,-0.00984820384809607,0.0665615126879879,NA,3,0.0579416793055132,-0.0295446115442882,0.199684538063964,0.0162202709043903
"311","Sonny Dykes","SMU","White",0.114801827402762,0.0685362140751311,-0.00504109264077782,0.0353592004828067,8.14166666666667,4,0.274144856300524,-0.0201643705631113,0.141436801931227,0.459207309611049
"312","Stan Brock","Army","White",-0.0342379326548739,-0.0360617226322033,-0.0466275937908903,-0.130343411216537,-5.05,2,-0.0721234452644066,-0.0932551875817806,-0.260686822433074,-0.0684758653097479
"313","Stan Parrish","Ball State","White",-0.0695884209431763,-0.0624050600678854,0.00412716541873806,-0.108909083044815,-13.7,2,-0.124810120135771,0.00825433083747612,-0.21781816608963,-0.139176841886353
"314","Steve Addazio","Boston College","White",0.0569325270998605,0.0563397939098003,-0.0728154853799276,0.0543185683071191,3.14761904761905,7,0.394378557368602,-0.509708397659493,0.380229978149833,0.398527689699023
"315","Steve Addazio","Colorado State","White",-0.0426918995795994,-0.00568551458306077,-0.0574685700312615,-0.0476527147653263,0.466666666666667,2,-0.0113710291661215,-0.114937140062523,-0.0953054295306526,-0.0853837991591988
"316","Steve Addazio","Temple","White",-0.00286318882278896,0.0235346179060441,-0.0411193255008961,0.0567048729461597,1.55,2,0.0470692358120881,-0.0822386510017923,0.113409745892319,-0.00572637764557793
"317","Steve Campbell","South Alabama","White",-0.0318120884674989,-0.0479218464834569,-0.039799639201918,-0.0877089261061871,-2.96666666666667,3,-0.143765539450371,-0.119398917605754,-0.263126778318561,-0.0954362654024968
"318","Steve Fairchild","Colorado State","White",-0.0195933760480636,0.0018144070647827,-0.0114259798780327,-0.0311090631574402,-6.61666666666667,4,0.00725762825913079,-0.0457039195121308,-0.124436252629761,-0.0783735041922543
"319","Steve Kragthorpe","Louisville","White",-0.163151496096993,-0.0869831864599456,0.0368257040065532,-0.184606897865693,-19.6333333333333,3,-0.260949559379837,0.110477112019659,-0.553820693597079,-0.489454488290978
"320","Steve Sarkisian","Texas","White",-0.0885538773526282,-0.0203879112762955,-0.00835490021745355,-0.025187003150813,-5.83333333333333,1,-0.0203879112762955,-0.00835490021745355,-0.025187003150813,-0.0885538773526282
"321","Steve Sarkisian","USC","White",0.0765069667830132,0.00491431673607978,-0.0192841831527725,-0.0113202122579076,2.33333333333333,2,0.00982863347215956,-0.0385683663055451,-0.0226404245158153,0.153013933566026
"322","Steve Sarkisian","Washington","White",0.140261558836192,0.0774482669755421,-0.0182314067550919,0.0903678650721007,8.17333333333333,5,0.387241334877711,-0.0911570337754594,0.451839325360504,0.701307794180958
"323","Steve Spurrier","South Carolina","White",0.0216150188958021,0.00778541303908331,0.0115827987148212,-0.0111880134393188,3.63,5,0.0389270651954166,0.0579139935741062,-0.055940067196594,0.108075094479011
"324","Terry Bowden","Akron","White",0.0823211167331757,0.0414270854336059,-0.0125498237119216,0.101407860861715,9.2,6,0.248562512601635,-0.0752989422715294,0.608447165170292,0.493926700399054
"325","Terry Bowden","Louisiana Monroe","White",-0.0443649083878954,-0.0565031433919887,0.0882419664965844,-0.0800739676977393,NA,1,-0.0565031433919887,0.0882419664965844,-0.0800739676977393,-0.0443649083878954
"326","Thomas Hammock","Northern Illinois","Black",-0.105185096575985,-0.0704549693626234,0.033843491280469,-0.0549120537983405,NA,3,-0.21136490808787,0.101530473841407,-0.164736161395022,-0.315555289727956
"327","Tim Albin","Ohio","White",-0.155579199992689,-0.0791039132288264,0.0330258497273599,-0.129689953869009,-14.4333333333333,1,-0.0791039132288264,0.0330258497273599,-0.129689953869009,-0.155579199992689
"328","Tim Beckman","Illinois","White",-0.105702410403538,-0.0525113526318062,0.0879753132315898,0.00334084567920856,-9.86666666666667,3,-0.157534057895419,0.26392593969477,0.0100225370376257,-0.317107231210613
"329","Tim Beckman","Toledo","White",0.0326341500025315,0.0423316317959956,-0.0125214685396281,0.0672106826668769,6.6,3,0.126994895387987,-0.0375644056188842,0.201632048000631,0.0979024500075946
"330","Tim Brewster","Minnesota","White",-0.0530513793583245,-0.0500684031407565,-0.000163532852144183,-0.0681691924645729,-12.625,4,-0.200273612563026,-0.00065413140857673,-0.272676769858291,-0.212205517433298
"331","Tim DeRuyter","Fresno State","White",-0.102560934739252,-0.0372912443356119,0.0703098774001047,-0.0574480410301165,-1.50666666666667,5,-0.18645622167806,0.351549387000524,-0.287240205150582,-0.51280467369626
"332","Tim Lester","Western Michigan","White",-0.112098039093027,-0.0257506024310874,-0.00365859437622065,-0.0507932937753911,NA,5,-0.128753012155437,-0.0182929718811033,-0.253966468876956,-0.560490195465137
"333","Todd Berry","Louisiana Monroe","White",-0.00792425656288626,0.0025366888210121,-0.0191200475838912,0.00887900520800922,NA,6,0.0152201329260726,-0.114720285503347,0.0532740312480553,-0.0475455393773176
"334","Todd Dodge","North Texas","White",0.225204355033535,0.175759146663163,-0.109107026622784,0.217387544357461,0.649999999999999,4,0.70303658665265,-0.436428106491134,0.869550177429844,0.900817420134138
"335","Todd Graham","Arizona State","White",-0.0337962578861967,0.00940647150495477,0.00362705406930339,0.0396442049966576,2.21666666666667,6,0.0564388290297286,0.0217623244158203,0.237865229979945,-0.20277754731718
"336","Todd Graham","Hawai'i","White",0.0603241361436816,-0.023970687090329,-0.0319582616577288,-0.0272204074698052,3.41666666666667,2,-0.047941374180658,-0.0639165233154577,-0.0544408149396104,0.120648272287363
"337","Todd Graham","Pittsburgh","White",0.00180660585370934,-0.0257417412792534,-0.0256106379404472,-0.0462826826811392,NA,1,-0.0257417412792534,-0.0256106379404472,-0.0462826826811392,0.00180660585370934
"338","Todd Graham","Rice","White",0.0290519313105428,0.0392462253729364,0.0318321175785549,0.186016608848114,7.7,1,0.0392462253729364,0.0318321175785549,0.186016608848114,0.0290519313105428
"339","Todd Graham","Tulsa","White",-0.0188767940713511,0.00995345753717003,-0.019178263997679,-0.0266576784600451,-0.875,4,0.0398138301486801,-0.0767130559907161,-0.106630713840181,-0.0755071762854043
"340","Todd Monken","Southern Mississippi","White",-0.0633641821811333,-0.0478256130121912,0.0772456385644353,-0.00201760246682209,NA,3,-0.143476839036574,0.231736915693306,-0.00605280740046626,-0.1900925465434
"341","Tom Allen","Indiana","White",-0.0475320850327388,-0.020525738675496,0.0158348442430752,-0.015737603258774,4.06,5,-0.10262869337748,0.0791742212153762,-0.07868801629387,-0.237660425163694
"342","Tom Arth","Akron","White",-0.205532191638464,-0.0806239882514571,0.0204773844255459,-0.0895259124026853,-12.9916666666667,4,-0.322495953005828,0.0819095377021838,-0.358103649610741,-0.822128766553855
"343","Tom Herman","Houston","White",0.0859581096757754,0.0772240138738093,-0.0869895497983566,0.0985874223377088,7.8,2,0.154448027747619,-0.173979099596713,0.197174844675418,0.171916219351551
"344","Tom Herman","Texas","White",0.0787974271854349,0.0295659174322173,-0.0611533191067026,0.0225066102764068,6.38333333333333,4,0.118263669728869,-0.24461327642681,0.0900264411056273,0.31518970874174
"345","Tom O'Brien","NC State","White",0.0142115275409937,0.00313262937786757,0.021945555094346,0.0121561486765941,-0.866666666666667,6,0.0187957762672054,0.131673330566076,0.0729368920595646,0.0852691652459624
"346","Tommy Tuberville","Cincinnati","White",0.0116599424145537,0.00759865563428036,0.0206087601247372,0.0633450541177863,-4.45833333333333,4,0.0303946225371214,0.0824350404989488,0.253380216471145,0.0466397696582149
"347","Tommy Tuberville","Texas Tech","White",-0.0696977631225121,-0.0230319862199055,0.0337446163541206,-0.0364194996307971,-9.63333333333333,3,-0.0690959586597166,0.101233849062362,-0.109258498892391,-0.209093289367536
"348","Tony Levine","Houston","White",-0.0382847029595024,-0.0616383532427273,0.0542690159240133,-0.103653963374266,-5.46666666666667,3,-0.184915059728182,0.16280704777204,-0.310961890122797,-0.114854108878507
"349","Tony Sanchez","UNLV","Other",0.0343105783218675,-0.00401227406037463,-0.0173679591414211,-0.0349659756393793,-0.140000000000001,5,-0.0200613703018732,-0.0868397957071054,-0.174829878196896,0.171552891609337
"350","Tracy Claeys","Minnesota","White",0.03327882722935,0.0656852646809125,-0.00829729071928992,0.0482312134256718,2.06666666666667,1,0.0656852646809125,-0.00829729071928992,0.0482312134256718,0.03327882722935
"351","Trent Miles","Georgia State","Black",0.25664977284053,0.185269885062217,-0.0114043203424039,0.368151783955931,NA,4,0.741079540248866,-0.0456172813696156,1.47260713582372,1.02659909136212
"352","Troy Calhoun","Air Force","White",0.0864832218242373,0.0771664198564922,-0.0027426505870724,0.0411943857661187,1.28333333333333,15,1.15749629784738,-0.0411397588060861,0.61791578649178,1.29724832736356
"353","Turner Gill","Buffalo","Black",-0.0178695606330669,-0.0236103163743792,-0.0251073064186625,0.00825452052421266,13.275,4,-0.0944412654975169,-0.10042922567465,0.0330180820968506,-0.0714782425322677
"354","Turner Gill","Kansas","Black",-0.222031045805346,-0.188362759748282,0.0897254498461018,-0.170545880279845,-22.7166666666667,2,-0.376725519496565,0.179450899692204,-0.34109176055969,-0.444062091610692
"355","Turner Gill","Liberty","Black",0.0833998252680787,0.0216426365414707,-0.061349757867964,0.00573803075969659,NA,1,0.0216426365414707,-0.061349757867964,0.00573803075969659,0.0833998252680787
"356","Tyson Helton","Western Kentucky","White",-0.0102401067282413,0.0103502361648389,0.0287442109125755,0.040415303185918,NA,3,0.0310507084945168,0.0862326327377265,0.121245909557754,-0.0307203201847239
"357","Tyson Summers","Georgia Southern","White",-0.257794395799093,-0.0779026417275675,0.0157549200564181,0.044899437190716,NA,2,-0.155805283455135,0.0315098401128362,0.089798874381432,-0.515588791598187
"358","Urban Meyer","Ohio State","White",0.121457028356908,0.0751961517007722,-0.0164812571267943,0.0998215333173323,NA,7,0.526373061905405,-0.11536879988756,0.698750733221326,0.850199198498358
"359","Walt Bell","UMass","White",-0.243371448894037,-0.0889707992518123,0.0335258133780209,-0.118417281794174,-12.95,3,-0.266912397755437,0.100577440134063,-0.355251845382523,-0.730114346682111
"360","Will Hall","Southern Mississippi","White",-0.21833667397034,-0.0757805330345601,0.0340320853134665,-0.0694146889604595,NA,1,-0.0757805330345601,0.0340320853134665,-0.0694146889604595,-0.21833667397034
"361","Will Healy","Charlotte","White",0.031048940726543,0.0413263293302808,0.0266599286830125,0.123913705653418,5.56666666666667,3,0.123978987990842,0.0799797860490376,0.371741116960255,0.093146822179629
"362","Will Muschamp","Florida","White",-0.108792252203221,-0.0392359093793573,-0.00594576363529806,-0.0343141853210697,-12.0333333333333,4,-0.156943637517429,-0.0237830545411922,-0.137256741284279,-0.435169008812885
"363","Will Muschamp","South Carolina","White",-0.0484629472866604,-0.0201473208480115,0.00024878470247422,-0.0292444377513412,NA,5,-0.100736604240058,0.0012439235123711,-0.146222188756706,-0.242314736433302
"364","Willie Fritz","Georgia Southern","White",0.213039476066936,0.0710480814344784,-0.00756913268130063,0.327922981500381,NA,2,0.142096162868957,-0.0151382653626013,0.655845963000761,0.426078952133872
"365","Willie Fritz","Tulane","White",0.105130616646443,0.0569702209200779,0.00168381247151483,0.0715156553681559,7.73333333333333,6,0.341821325520467,0.010102874829089,0.429093932208935,0.63078369987866
"366","Willie Taggart","Florida Atlantic","Black",-0.0889053479264863,-0.0405042560428371,0.00275483139932617,-0.0344446418995875,NA,2,-0.0810085120856742,0.00550966279865234,-0.0688892837991749,-0.177810695852973
"367","Willie Taggart","Florida State","Black",-0.0846426483680384,-0.120035535702513,0.0394449539095824,-0.110268527145038,NA,2,-0.240071071405025,0.0788899078191648,-0.220537054290076,-0.169285296736077
"368","Willie Taggart","Oregon","Black",0.0601391056410518,0.0646461069351617,-0.0404366950676585,0.0293676780110977,-6.03333333333333,1,0.0646461069351617,-0.0404366950676585,0.0293676780110977,0.0601391056410518
"369","Willie Taggart","South Florida","Black",0.0386860843987136,-0.0693074648562582,0.0149531513528649,-0.0316836420107188,NA,4,-0.277229859425033,0.0598126054114596,-0.126734568042875,0.154744337594854
"370","Willie Taggart","Western Kentucky","Black",0.0543789371496002,0.0369891355413436,-0.136088984993194,0.0579329346189971,NA,3,0.110967406624031,-0.408266954979583,0.173798803856991,0.163136811448801
